[
  {
    "title": "B.Sc Informatics",
    "place": "Universitas XYZ",
    "year": "2021 – 2025",
    "type": "education",
    "description": "Undergraduate degree in Informatics with focus on Artificial Intelligence, Software Engineering, and Mobile Development. GPA: 3.8/4.0"
  },
  {
    "title": "Backend Developer Intern",
    "place": "PT Example Tech",
    "year": "Jun 2024 – Dec 2024",
    "type": "work",
    "description": "Developed and maintained REST APIs for internal applications. Collaborated with frontend team to integrate APIs and optimize database queries, improving response time by 40%."
  },
  {
    "title": "Freelance Mobile Developer",
    "place": "Self-Employed",
    "year": "2023 – Present",
    "type": "work",
    "description": "Built custom mobile applications for local businesses using Flutter. Delivered 5+ projects with 100% client satisfaction rate."
  },
  {
    "title": "Programming Competition",
    "place": "National Coding Championship",
    "year": "2023",
    "type": "achievement",
    "description": "Placed 3rd in national-level algorithm competition with 200+ participants. Solved complex data structure and algorithm problems under time constraints."
  }
]
