[
  {
    "id": 1,
    "title": "Fake News Detector",
    "description": "AI-powered model using LSTM and Attention Mechanism for Indonesian news classification. Achieved 92% accuracy in detecting fake news articles with real-time analysis capabilities.",
    "tech": ["Python", "TensorFlow", "Flask", "LSTM", "NLP"],
    "image": "/placeholder.svg?height=400&width=600",
    "demo": "https://fakenews-demo.vercel.app",
    "repo": "https://github.com/handal/fakenews",
    "featured": true
  },
  {
    "id": 2,
    "title": "Toko Elektronik API",
    "description": "Comprehensive backend REST API for an e-commerce platform built with Node.js and MongoDB. Features include user authentication, product management, order processing, and payment integration.",
    "tech": ["Node.js", "Express", "MongoDB", "JWT", "Stripe"],
    "image": "/placeholder.svg?height=400&width=600",
    "repo": "https://github.com/handal/toko-elektronik",
    "featured": true
  },
  {
    "id": 3,
    "title": "Task Manager Mobile App",
    "description": "Cross-platform mobile application for task management with offline support, push notifications, and cloud sync. Built with Flutter for iOS and Android.",
    "tech": ["Flutter", "Dart", "Firebase", "SQLite"],
    "image": "/placeholder.svg?height=400&width=600",
    "repo": "https://github.com/handal/task-manager",
    "featured": false
  },
  {
    "id": 4,
    "title": "Weather Forecast Dashboard",
    "description": "Real-time weather dashboard with interactive maps and 7-day forecasts. Integrates multiple weather APIs for accurate predictions.",
    "tech": ["React", "Next.js", "TypeScript", "Tailwind CSS"],
    "image": "/placeholder.svg?height=400&width=600",
    "demo": "https://weather-dashboard-demo.vercel.app",
    "repo": "https://github.com/handal/weather-dashboard",
    "featured": false
  }
]
